"Task Name","Parent Task","Requirement ID","Phase","Status","Dependencies","Description"
"MVP","","P1","1","Review","","Phase acceptance: see REQUIREMENTS.md and ACCEPTANCE.md"
"Standalone modules","","P2","2","Review","","Phase acceptance: see REQUIREMENTS.md and ACCEPTANCE.md"
"External integrations","","P3","3","Blocked","","Phase acceptance: see REQUIREMENTS.md and ACCEPTANCE.md"
"Foundation","MVP","R01","1","Completed","","Java 17, Spring Boot, JPA, MySQL, Flyway, Maven Wrapper and Compose. Acceptance: mvnw verify and clean CI startup. Implementation: All services; /health. Status: Implemented."
"Authentication","MVP","R02","1","Completed","","Sessions, BCrypt, CSRF, validation and errors. Acceptance: Role isolation IT and browser logins. Implementation: SecurityConfig, Access; /auth/*. Status: Implemented."
"Isolation","MVP","R03","1","Completed","","Two owners, manager grants, tenant scope, separate platform admin. Acceptance: crossOwnerUnassignedManagerOtherTenantAndAdminAreDenied; readOnlyManagerCanReadButNotWrite. Implementation: Access, AccountService; /users /access. Status: Implemented."
"Bilingual UI","MVP","R04","1","Review","","Arabic default RTL, English LTR, OMR 3 decimals, Muscat dates, mobile360, loading and error states. Acceptance: Browser desktop/mobile checks; manual keyboard checklist. Implementation: All APIs. Status: Implemented; full accessibility audit pending."
"Lists","MVP","R05","1","Review","","Pagination, search and building filters. Acceptance: 21 owner screens in browser smoke. Implementation: PageSlice; list APIs. Status: Partial: pagination in memory; relationship selectors limited to 100."
"Property","MVP","R06","1","Completed","","Buildings, floor labels, flats/shops, wilayat, size, classification, availability distinct from occupancy. Acceptance: Browser lists; lease tests. Implementation: PropertyService; /buildings /units. Status: Implemented; floors are unit labels."
"Tenant profiles","MVP","R07","1","Completed","","People/companies, contacts, emergency contacts and linked account. Acceptance: Role isolation IT; browser. Implementation: PropertyService; /tenants. Status: Implemented."
"Lease lifecycle","MVP","R08","1","Completed","","Fixed monthly lease, renewal, termination, history, rent and deposit; overlap protection. Acceptance: overlapRejectedAndRenewalCreatesIndependentDues; concurrentLeaseCreationCannotOverlap. Implementation: PropertyService; /leases/*. Status: Implemented."
"Expiry and municipality","MVP","R09","1","Completed","","60/90-day reminders; registration authority, reference and fee. Acceptance: Manual expiry/municipal acceptance. Implementation: ReminderService; /reminders /leases/{id}/municipality. Status: Implemented; legal registration remains external."
"Lease drafts","MVP","R10","1","Completed","","Stored-data Arabic/English downloadable drafts. Acceptance: Manual printable draft check. Implementation: DocumentRenderer; /print/lease/{id}. Status: Implemented; HTML print-to-PDF, unsigned draft."
"Rent ledger","MVP","R11","1","Completed","","Dues, bank/cash payments, partial oldest-first allocation, reject excess, idempotency, transactional locks. Acceptance: fullFinancialAcceptanceAndDashboardReconcile; simultaneousManualPaymentsCannotOverAllocate. Implementation: FinanceService; /leases/{id}/payments /dues. Status: Implemented."
"Cheques","MVP","R12","1","Completed","","Scheduled/deposited/cleared/bounced/cancelled, exact-once settlement. Acceptance: fullFinancialAcceptanceAndDashboardReconcile; concurrentClearanceCreatesExactlyOneSettledPayment. Implementation: FinanceService; /cheques/{id}/status. Status: Implemented."
"Reversals and audit","MVP","R13","1","Completed","","Preserve settled history, correct through reversals, dated balances. Acceptance: idempotencyRejectsChangedPayloadAndReversalPreservesAudit. Implementation: FinanceService; /payments/{id}/reverse. Status: Implemented."
"Deposits","MVP","R14","1","Completed","","Receipt, deduction, refund, reversal separate from income. Acceptance: depositsRejectOverRefundAndStayOutOfIncome. Implementation: FinanceService; /leases/{id}/deposits. Status: Implemented."
"Arrears and documents","MVP","R15","1","Completed","","Aging, staff follow-up, invoices, receipts, tenant statements. Acceptance: Financial IT; tenantHistoryDoesNotExposeInternalFollowUpNotes. Implementation: FinanceService DocumentRenderer; /follow-ups /print/*. Status: Implemented."
"Tax","MVP","R16","1","Completed","","Owner tax status, effective dated explicit classification/treatment, immutable due tax. Acceptance: taxIsExplicitAndHistoricalDuesDoNotChange. Implementation: PropertyService; /tax-policies /owner/tax-status. Status: Implemented; jurisdiction treatment needs professional confirmation."
"Maintenance","MVP","R17","1","Completed","","Tenant description/photos, urgent input, categories, assignment, comments and complete workflow. Acceptance: maintenanceLifecycleAndManualFallback; browser tenant submission. Implementation: MaintenanceService; /maintenance/*. Status: Implemented."
"AI assistant","MVP","R18","1","Review","","Real Spring AI, minimum description, language, strict schema, timeout and human approval. Acceptance: AiAssistantTest malformed/timeouts/errors; manual fallback IT. Implementation: AiAssistant; /maintenance/{id}/ai-suggestion /approve-summary. Status: Implemented adapter; live provider blocked without key."
"Vendors","Standalone modules","R19","2","Completed","P1","Directory, categories/rates, restricted job workflow, performance. Acceptance: assignedVendorCannotReadFinancesOrAnotherJob. Implementation: OperationsService; /operations/vendors /vendor-performance. Status: Implemented."
"Preventive and seasonal","Standalone modules","R20","2","Completed","P1","Recurring AC/filter/tank/pest/lift/generator tasks, configurable seasonal interval. Acceptance: recurringTaskCompletionAdvancesWithoutDuplicateCompletion. Implementation: OperationsService; /operations/preventive/*. Status: Implemented via configurable titles/categories."
"Expenses and cost","Standalone modules","R21","2","Completed","P1","Building/unit expenses, reversals, cost per unit. Acceptance: Financial reconciliation IT; manual expense report. Implementation: FinanceService ReportService; /expenses /dashboard. Status: Implemented."
"Vault and safety","Standalone modules","R22","2","Completed","P1","Protected ID/passport/CR, deed/permit/completion/insurance/lift/service files, safety records and expiries. Acceptance: documentsAreProtectedAndInvalidFilesRejected. Implementation: FileVault OperationsService; /documents /operations/safety. Status: Implemented; production scanner executable required."
"Utilities","Standalone modules","R23","2","Completed","P1","Water/electric meters, responsibility, common areas, history, move-in/out photos, threshold observations. Acceptance: meterReadingsAndGuardWorkflowsAreRestricted. Implementation: OperationsService; /operations/meters/*. Status: Implemented; no automatic telemetry."
"Communication","Standalone modules","R24","2","Review","P1","Bilingual notices, tenant self-service, reminders, manual copy/share. Acceptance: Browser tenant journey; manual notice visibility. Implementation: OperationsService ReminderService; /operations/notices /reminders. Status: Implemented; automatic messaging blocked."
"Vacancy and leads","Standalone modules","R25","2","Completed","P1","Vacancy duration, foregone-rent assumptions, listing text/photos, enquiries, viewings, follow-ups. Acceptance: Browser route checks; manual vacancy/lead workflow. Implementation: ReportService OperationsService; /dashboard /operations/leads. Status: Implemented; photos in vault, no public portal."
"Guard operations","Standalone modules","R26","2","Completed","P1","Visitors, checkout, check-ins, parking, restricted access. Acceptance: meterReadingsAndGuardWorkflowsAreRestricted; browser guard restriction. Implementation: OperationsService; /operations/visits /checkins /parking. Status: Implemented."
"Reports","Standalone modules","R27","2","Completed","P1","Occupancy, expected/collected/overdue, cheques, expiries, vacancy, maintenance, income/expenses, filters and drilldowns. Acceptance: fullFinancialAcceptanceAndDashboardReconcile; browser dashboard. Implementation: ReportService; /dashboard /reports/finance.csv. Status: Implemented; CSV metrics and dues, no historical occupancy snapshot."
"Yield","Standalone modules","R28","2","Completed","P1","NOI distinct from yield; explicit investment basis only. Acceptance: Manual metrics reconciliation per METRICS.md. Implementation: ReportService; /dashboard. Status: Implemented; recorded costs only."
"Security operations","MVP","R29","1","Review","","Protected files, signatures/size, scan strategy, migrations, secrets, audit, backup/restore. Acceptance: Authorization/file integration tests; manual restore checklist. Implementation: SecurityConfig FileVault Audit; all APIs. Status: Implemented; production restore/scanner exercise pending."
"Delivery","Standalone modules","R30","2","Completed","P1","Source, setup, diagram, Postman, tests, acceptance, demo, backlog and completion matrix. Acceptance: CI + documentation validation. Implementation: Repository documentation. Status: Implemented; Postman collection import not executed."
"Local payment gateway","External integrations","R31","3","Blocked","P2","Provider selection, documented adapter, infrastructure and credentials. Acceptance: Provider contract/sandbox acceptance pending. Implementation: Integration boundary; /integrations. Status: Blocked: provider/docs/credentials/hardware absent."
"Automated WhatsApp notifications/intake","External integrations","R32","3","Blocked","P2","Provider selection, documented adapter, infrastructure and credentials. Acceptance: Provider contract/sandbox acceptance pending. Implementation: Integration boundary; /integrations. Status: Blocked: provider/docs/credentials/hardware absent."
"Property portals","External integrations","R33","3","Blocked","P2","Provider selection, documented adapter, infrastructure and credentials. Acceptance: Provider contract/sandbox acceptance pending. Implementation: Integration boundary; /integrations. Status: Blocked: provider/docs/credentials/hardware absent."
"Smart locks/intercoms","External integrations","R34","3","Blocked","P2","Provider selection, documented adapter, infrastructure and credentials. Acceptance: Provider contract/sandbox acceptance pending. Implementation: Integration boundary; /integrations. Status: Blocked: provider/docs/credentials/hardware absent."
"CCTV status","External integrations","R35","3","Blocked","P2","Provider selection, documented adapter, infrastructure and credentials. Acceptance: Provider contract/sandbox acceptance pending. Implementation: Integration boundary; /integrations. Status: Blocked: provider/docs/credentials/hardware absent."
"Central AC/chillers","External integrations","R36","3","Blocked","P2","Provider selection, documented adapter, infrastructure and credentials. Acceptance: Provider contract/sandbox acceptance pending. Implementation: Integration boundary; /integrations. Status: Blocked: provider/docs/credentials/hardware absent."
"Lift status","External integrations","R37","3","Blocked","P2","Provider selection, documented adapter, infrastructure and credentials. Acceptance: Provider contract/sandbox acceptance pending. Implementation: Integration boundary; /integrations. Status: Blocked: provider/docs/credentials/hardware absent."
"Tank/pump alerts","External integrations","R38","3","Blocked","P2","Provider selection, documented adapter, infrastructure and credentials. Acceptance: Provider contract/sandbox acceptance pending. Implementation: Integration boundary; /integrations. Status: Blocked: provider/docs/credentials/hardware absent."
"Energy monitoring","External integrations","R39","3","Blocked","P2","Provider selection, documented adapter, infrastructure and credentials. Acceptance: Provider contract/sandbox acceptance pending. Implementation: Integration boundary; /integrations. Status: Blocked: provider/docs/credentials/hardware absent."
